{
    "persistence": {
        "avg_mse": 0.03439170867204666,
        "avg_mae": 0.13639917969703674,
        "mse_per_var": [
            0.032226189970970154,
            0.03455476462841034,
            0.03098209761083126,
            0.03315957263112068,
            0.035991258919239044,
            0.03106759302318096,
            0.0312858521938324,
            0.04040835425257683,
            0.04447322338819504,
            0.04450424760580063,
            0.03404343128204346,
            0.031637709587812424,
            0.03692478686571121,
            0.043109312653541565,
            0.04007481038570404,
            0.03251424431800842,
            0.03003302402794361,
            0.031565118581056595,
            0.027335835620760918,
            0.03362451121211052,
            0.03944108262658119,
            0.042567282915115356,
            0.03698621317744255,
            0.03249622881412506,
            0.03955068811774254,
            0.03582954406738281,
            0.03135193884372711,
            0.026875076815485954,
            0.032267976552248,
            0.03318093344569206,
            0.033709656447172165,
            0.03453906998038292,
            0.03423090651631355,
            0.029426027089357376,
            0.030553435906767845,
            0.0284087136387825,
            0.03401010483503342,
            0.03804625943303108,
            0.031673889607191086,
            0.03100721538066864
        ],
        "mae_per_var": [
            0.13392390310764313,
            0.14249980449676514,
            0.13298118114471436,
            0.13965465128421783,
            0.14102810621261597,
            0.12381304055452347,
            0.13041752576828003,
            0.1463446021080017,
            0.15175969898700714,
            0.15862256288528442,
            0.13881459832191467,
            0.13167470693588257,
            0.14037196338176727,
            0.14582839608192444,
            0.14245381951332092,
            0.13463729619979858,
            0.12955115735530853,
            0.1314183622598648,
            0.12286092340946198,
            0.13752634823322296,
            0.14766916632652283,
            0.1472117155790329,
            0.13771899044513702,
            0.13658739626407623,
            0.1418042927980423,
            0.13354617357254028,
            0.13469375669956207,
            0.11836923658847809,
            0.12853331863880157,
            0.13202303647994995,
            0.14082930982112885,
            0.13558998703956604,
            0.13913173973560333,
            0.12726348638534546,
            0.13117371499538422,
            0.12406492978334427,
            0.13528887927532196,
            0.14467544853687286,
            0.13407668471336365,
            0.1295335739850998
        ]
    },
    "ridge": {
        "avg_mse": 6.541793118230999e-05,
        "avg_mae": 0.0057045333087444305,
        "mse_per_var": [
            4.6185032260837033e-05,
            5.9583340771496296e-05,
            5.0443159125279635e-05,
            5.7175733672920614e-05,
            4.764916593558155e-05,
            5.665096978191286e-05,
            9.602326463209465e-05,
            5.01382201036904e-05,
            7.146531424950808e-05,
            7.65671138651669e-05,
            8.284461364382878e-05,
            6.128463428467512e-05,
            7.923771045170724e-05,
            6.64344261167571e-05,
            7.344077312154695e-05,
            0.00010351077071391046,
            7.742359593976289e-05,
            6.740164099028334e-05,
            4.614128192770295e-05,
            7.125020783860236e-05,
            5.0138751248596236e-05,
            8.796138718025759e-05,
            6.201049109222367e-05,
            7.509549323003739e-05,
            4.693182199844159e-05,
            4.910276038572192e-05,
            9.780707478057593e-05,
            6.144663348095492e-05,
            8.26313771540299e-05,
            5.193709148443304e-05,
            7.988452853169292e-05,
            7.554660987807438e-05,
            5.35237486474216e-05,
            6.0028211009921506e-05,
            7.762499444652349e-05,
            4.097183045814745e-05,
            4.2664392822189257e-05,
            4.8308495024684817e-05,
            6.41042206552811e-05,
            6.814641528762877e-05
        ],
        "mae_per_var": [
            0.004995667841285467,
            0.005893365945667028,
            0.00520377978682518,
            0.0052546244114637375,
            0.005309427157044411,
            0.005145722068846226,
            0.006465469021350145,
            0.004931775387376547,
            0.006139774806797504,
            0.006503937300294638,
            0.005867565516382456,
            0.005552968010306358,
            0.006358744576573372,
            0.005749824456870556,
            0.005758935119956732,
            0.006596928928047419,
            0.005879784934222698,
            0.006077578756958246,
            0.004783885553479195,
            0.005909672472625971,
            0.005177626386284828,
            0.006585157010704279,
            0.005587639752775431,
            0.005946355406194925,
            0.0048696622252464294,
            0.005277478601783514,
            0.0069137997925281525,
            0.005559104960411787,
            0.00640832120552659,
            0.005008433945477009,
            0.006450342945754528,
            0.006304129026830196,
            0.005382074508816004,
            0.005537398625165224,
            0.006518299225717783,
            0.004702093079686165,
            0.004911899100989103,
            0.005329495295882225,
            0.0056094019673764706,
            0.005723181646317244
        ]
    }
}