{
    "target_coverage": 0.9,
    "empirical_coverage": 0.8927443609022556,
    "q_hat": 1.8483371375669213,
    "average_width": 3.6966742751338426
}