{
    "performance": {
        "avg_mse": 1.3964998722076416,
        "avg_mae": 0.9160977602005005,
        "mse_per_var": [
            1.0895555019378662,
            1.5174057483673096,
            1.5168135166168213,
            1.2575981616973877,
            1.613554835319519,
            1.53440260887146,
            1.5553245544433594,
            1.3763360977172852,
            1.5568798780441284,
            1.5831146240234375,
            1.2920827865600586,
            1.163975715637207,
            1.9391767978668213,
            1.9553273916244507,
            1.4246821403503418,
            1.4067511558532715,
            0.9859580397605896,
            1.1901206970214844,
            1.3998552560806274,
            1.467785358428955,
            1.3030458688735962,
            1.4094152450561523,
            1.336443543434143,
            1.419492483139038,
            1.6568523645401,
            1.4027822017669678,
            1.0820798873901367,
            1.2668553590774536,
            1.5548558235168457,
            1.2888718843460083,
            1.1114827394485474,
            1.1906969547271729,
            1.115012526512146,
            1.3243210315704346,
            1.313337802886963,
            1.3246006965637207,
            1.463323712348938,
            1.6185516119003296,
            1.7138786315917969,
            1.1373955011367798
        ],
        "mae_per_var": [
            0.8154023289680481,
            0.9775975942611694,
            1.0036158561706543,
            0.9106983542442322,
            1.0129460096359253,
            0.9287818074226379,
            0.9916856288909912,
            0.9107292294502258,
            0.9547725915908813,
            0.9747116565704346,
            0.8738998770713806,
            0.8488695025444031,
            1.0344281196594238,
            1.0189149379730225,
            0.9264008402824402,
            0.9381685853004456,
            0.7792231440544128,
            0.8794786334037781,
            0.8936976194381714,
            0.95993971824646,
            0.8729838132858276,
            0.969429075717926,
            0.8844801187515259,
            0.9450610280036926,
            0.9580467343330383,
            0.9340412020683289,
            0.8323871493339539,
            0.8651827573776245,
            0.9344741702079773,
            0.8884714841842651,
            0.8278375267982483,
            0.8796646595001221,
            0.814591109752655,
            0.8796631097793579,
            0.8847187161445618,
            0.8919949531555176,
            0.9706341028213501,
            0.9578864574432373,
            0.9718786478042603,
            0.8465186357498169
        ]
    },
    "computational_metrics": {
        "train_time_seconds": 29.16,
        "peak_vram_mb": 24.61,
        "model_size_mb": 1.29,
        "total_parameters": 338176,
        "epochs_to_converge": 26,
        "early_stop_epoch": 46
    }
}